               epoch,      train/box_loss,      train/obj_loss,      train/cls_loss,   metrics/precision,      metrics/recall,     metrics/mAP_0.5,metrics/mAP_0.5:0.95,        val/box_loss,        val/obj_loss,        val/cls_loss,               x/lr0,               x/lr1,               x/lr2
                   0,             0.10725,            0.018124,            0.032447,           0.0020009,              0.6226,           0.0021683,          0.00063448,            0.065964,            0.012287,            0.021525,              0.0982,              0.0002,              0.0002
                   1,            0.098296,            0.019842,            0.031057,           0.0028748,             0.87139,           0.0035356,           0.0009651,             0.05514,            0.013434,            0.021009,            0.095498,          0.00049752,          0.00049752
                   2,            0.082609,            0.023017,            0.028477,           0.0033445,                   1,           0.0067704,           0.0026758,            0.043337,            0.014299,            0.020157,            0.092792,          0.00079208,          0.00079208
                   3,            0.069529,            0.025972,            0.027553,           0.0033384,                   1,            0.024983,            0.011618,            0.036015,            0.014307,              0.0191,            0.090084,           0.0010837,           0.0010837
                   4,            0.065086,            0.023889,            0.027041,           0.0033581,                   1,             0.13479,            0.058293,            0.030806,            0.013686,            0.017929,            0.087372,           0.0013723,           0.0013723
                   5,            0.062589,            0.021108,            0.024442,             0.09488,             0.98077,             0.66123,             0.35063,            0.029977,            0.012456,            0.016677,            0.084658,           0.0016579,           0.0016579
                   6,             0.05799,            0.021832,            0.024204,             0.41704,             0.92668,             0.75905,             0.35369,            0.028348,            0.011647,            0.015345,            0.081941,           0.0019406,           0.0019406
                   7,            0.053059,            0.019373,            0.021378,             0.59907,             0.80782,             0.75391,             0.35949,            0.033671,            0.010342,            0.014488,             0.07922,           0.0022203,           0.0022203
                   8,            0.054014,            0.019937,            0.022442,             0.76126,             0.64962,             0.74198,             0.29972,            0.034673,           0.0093917,            0.013798,            0.076497,            0.002497,            0.002497
                   9,            0.056325,            0.020071,            0.022825,             0.68904,             0.77043,              0.8201,               0.338,            0.029102,           0.0088507,            0.012588,            0.073771,           0.0027708,           0.0027708
                  10,            0.054372,             0.01972,            0.024542,              0.3314,             0.74639,              0.4284,             0.14958,            0.043087,           0.0076946,            0.012008,            0.071042,           0.0030416,           0.0030416
                  11,            0.057422,            0.015199,            0.020854,               0.376,             0.77713,             0.56553,             0.21142,            0.045562,           0.0073505,            0.010303,            0.068309,           0.0033094,           0.0033094
                  12,            0.054975,            0.018077,            0.019344,             0.87966,             0.90625,             0.93424,              0.4734,            0.032724,           0.0069992,           0.0095686,            0.065574,           0.0035743,           0.0035743
                  13,            0.053338,            0.014785,            0.018995,             0.46592,             0.85933,             0.63477,             0.23238,            0.041704,            0.006688,            0.009063,            0.062836,           0.0038362,           0.0038362
                  14,            0.053631,            0.015109,            0.017845,             0.79062,             0.80365,             0.86734,             0.39584,            0.039615,           0.0067242,           0.0077543,            0.060095,           0.0040951,           0.0040951
                  15,            0.047896,            0.014123,            0.018006,             0.58503,               0.875,             0.72246,             0.21668,            0.036165,           0.0064838,            0.006933,            0.057351,            0.004351,            0.004351
                  16,            0.048654,            0.015029,             0.01458,             0.42355,             0.39303,             0.52575,             0.23717,            0.044266,           0.0059057,           0.0064118,            0.054604,            0.004604,            0.004604
                  17,             0.05225,            0.012774,            0.012897,             0.30675,             0.85938,             0.47091,             0.15478,            0.043822,            0.005655,           0.0052131,            0.051854,            0.004854,            0.004854
                  18,            0.053939,            0.013367,            0.011487,             0.51617,             0.84495,             0.60286,             0.26906,            0.029279,            0.005592,           0.0045372,            0.049101,            0.005101,            0.005101
                  19,            0.052887,            0.012492,           0.0096691,             0.63938,             0.89888,             0.76915,             0.38471,            0.031403,           0.0052282,           0.0040835,            0.046345,           0.0053451,           0.0053451
                  20,            0.050438,            0.012446,           0.0080453,             0.59121,             0.71327,             0.66645,             0.30816,            0.036014,           0.0049156,           0.0032944,            0.043586,           0.0055862,           0.0055862
                  21,            0.054906,            0.011281,           0.0075444,             0.47822,             0.83543,             0.53579,             0.20092,            0.047287,           0.0048229,           0.0038152,            0.040824,           0.0058243,           0.0058243
                  22,            0.055297,            0.011138,           0.0075339,             0.61542,             0.88702,             0.75754,             0.36425,            0.037932,             0.00502,           0.0041997,            0.038059,           0.0060595,           0.0060595
                  23,            0.047932,            0.012177,           0.0073581,             0.50128,             0.84014,             0.66718,             0.26313,            0.041302,           0.0050774,           0.0046638,            0.035292,           0.0062917,           0.0062917
                  24,            0.052585,            0.011969,           0.0062212,             0.64899,             0.71514,             0.72206,              0.2164,            0.038449,           0.0045964,           0.0061572,            0.032521,           0.0065209,           0.0065209
                  25,             0.04845,            0.011589,           0.0069142,             0.66814,             0.88205,             0.87295,             0.46709,            0.029394,           0.0053662,           0.0050375,            0.029747,           0.0067471,           0.0067471
                  26,             0.04212,            0.012434,           0.0056286,             0.48949,             0.93389,             0.72009,             0.26085,            0.041048,           0.0069926,           0.0021851,             0.02697,           0.0069704,           0.0069704
                  27,            0.048497,            0.011809,           0.0073826,             0.62073,              0.8494,             0.74014,             0.32736,            0.032968,           0.0052043,           0.0026549,            0.024191,           0.0071907,           0.0071907
                  28,             0.04828,            0.011302,           0.0062918,             0.64667,             0.87966,             0.72084,             0.25182,            0.037929,           0.0050214,           0.0023127,            0.021408,            0.007408,            0.007408
                  29,            0.045282,           0.0096163,           0.0051313,             0.69175,             0.84191,             0.79342,             0.36062,            0.029465,           0.0052239,           0.0024589,            0.018622,           0.0076224,           0.0076224
                  30,            0.045231,           0.0089807,           0.0047084,             0.46726,              0.9082,              0.6717,             0.37091,            0.028742,           0.0053183,           0.0032211,            0.015834,           0.0078338,           0.0078338
                  31,            0.046332,           0.0096906,           0.0047631,             0.49222,             0.80549,             0.62622,             0.30118,            0.033527,           0.0051091,           0.0029153,            0.013042,           0.0080422,           0.0080422
                  32,            0.044583,           0.0095873,           0.0036005,             0.75387,              0.8006,             0.85124,             0.49975,            0.027426,           0.0043744,           0.0043141,            0.010248,           0.0082477,           0.0082477
                  33,            0.038627,             0.01022,           0.0052165,             0.74721,             0.75095,             0.84529,             0.44672,            0.025437,           0.0087867,           0.0043926,           0.0083665,           0.0083665,           0.0083665
                  34,            0.035931,            0.010135,           0.0057985,             0.77143,             0.72122,             0.82007,             0.38602,            0.029745,           0.0072404,           0.0029596,           0.0083665,           0.0083665,           0.0083665
                  35,            0.046153,              0.0101,           0.0043788,             0.53387,             0.64183,             0.58844,             0.25395,            0.038185,           0.0056527,           0.0052626,            0.008317,            0.008317,            0.008317
                  36,            0.042811,            0.010607,            0.010462,             0.69408,             0.71294,             0.75239,             0.38299,            0.031572,           0.0061398,           0.0078564,           0.0082675,           0.0082675,           0.0082675
                  37,            0.037156,           0.0096258,           0.0067146,             0.93163,             0.77694,             0.89249,             0.57961,            0.022167,           0.0076775,           0.0045372,            0.008218,            0.008218,            0.008218
                  38,            0.036525,           0.0093486,           0.0058544,             0.68541,             0.82812,             0.81322,             0.42963,            0.024323,           0.0070667,           0.0038853,           0.0081685,           0.0081685,           0.0081685
                  39,             0.03803,            0.010718,           0.0040139,             0.60238,             0.81586,             0.81842,             0.51002,            0.025134,           0.0067186,           0.0057055,            0.008119,            0.008119,            0.008119
                  40,            0.032872,           0.0080834,           0.0035905,             0.81257,             0.76203,             0.86106,              0.3891,            0.026486,             0.00608,           0.0067545,           0.0080695,           0.0080695,           0.0080695
                  41,            0.040487,           0.0091521,            0.006601,             0.89221,             0.82216,             0.91281,             0.39301,            0.027684,           0.0051209,           0.0027209,             0.00802,             0.00802,             0.00802
                  42,             0.03858,           0.0083023,           0.0049735,             0.81427,             0.83293,             0.93898,             0.46164,            0.025493,           0.0047201,           0.0023315,           0.0079705,           0.0079705,           0.0079705
                  43,            0.036337,           0.0095931,           0.0049893,             0.89318,             0.87898,             0.92447,             0.54664,            0.021231,             0.00461,           0.0014402,            0.007921,            0.007921,            0.007921
                  44,            0.034261,           0.0094534,           0.0043869,             0.89876,             0.94065,               0.942,             0.59163,            0.020326,           0.0045215,           0.0022384,           0.0078715,           0.0078715,           0.0078715
                  45,             0.03146,            0.010127,           0.0058815,             0.81204,              0.9091,             0.90975,               0.559,             0.02168,            0.005001,           0.0011969,            0.007822,            0.007822,            0.007822
                  46,            0.032913,           0.0091955,           0.0034229,             0.84419,             0.90789,             0.94374,             0.46219,            0.026198,           0.0067192,          0.00063764,           0.0077725,           0.0077725,           0.0077725
                  47,            0.036299,           0.0091559,           0.0048444,             0.85729,             0.91106,             0.94823,             0.54715,            0.023026,           0.0052441,          0.00090146,            0.007723,            0.007723,            0.007723
                  48,            0.032871,           0.0096279,           0.0049733,             0.91147,             0.92493,             0.96858,             0.54928,            0.018444,           0.0046546,           0.0017858,           0.0076735,           0.0076735,           0.0076735
                  49,            0.031527,            0.009911,           0.0034586,             0.72806,             0.89701,             0.90009,             0.46508,            0.022338,           0.0048245,           0.0017159,            0.007624,            0.007624,            0.007624
                  50,            0.034664,           0.0089031,           0.0034412,             0.89006,             0.88704,             0.93715,             0.50497,             0.02015,           0.0041456,           0.0022902,           0.0075745,           0.0075745,           0.0075745
                  51,             0.03091,           0.0083287,           0.0047421,              0.9678,             0.93029,             0.97284,             0.61068,            0.018199,            0.005483,           0.0022693,            0.007525,            0.007525,            0.007525
                  52,            0.029349,           0.0093508,           0.0030952,             0.82732,             0.91466,              0.8974,             0.50373,            0.020943,           0.0061351,           0.0023009,           0.0074755,           0.0074755,           0.0074755
                  53,            0.031584,           0.0090142,           0.0020138,             0.82268,             0.94835,              0.9234,             0.62382,            0.019353,           0.0049079,           0.0020775,            0.007426,            0.007426,            0.007426
                  54,            0.029903,            0.010237,           0.0024987,              0.8479,             0.92668,             0.94918,               0.602,            0.020884,           0.0045059,           0.0018899,           0.0073765,           0.0073765,           0.0073765
                  55,            0.031594,           0.0090958,           0.0024338,             0.94626,             0.95465,             0.97822,             0.64712,            0.016107,           0.0041007,           0.0031307,            0.007327,            0.007327,            0.007327
                  56,            0.032389,           0.0079588,            0.002822,             0.89685,             0.91443,             0.94811,             0.58038,            0.019813,           0.0042492,           0.0043208,           0.0072775,           0.0072775,           0.0072775
                  57,            0.029633,           0.0085916,           0.0021505,             0.95312,             0.92655,             0.97342,             0.55393,            0.020623,           0.0040156,           0.0040538,            0.007228,            0.007228,            0.007228
                  58,            0.027634,           0.0087634,           0.0023984,             0.92254,             0.95616,             0.97316,             0.61897,            0.017057,           0.0038496,            0.004923,           0.0071785,           0.0071785,           0.0071785
                  59,            0.030871,           0.0089093,           0.0061055,             0.94132,             0.90969,             0.95791,             0.60375,            0.017227,           0.0038031,           0.0054269,            0.007129,            0.007129,            0.007129
                  60,            0.030747,           0.0086441,           0.0026988,             0.89981,             0.91903,             0.91099,             0.65771,              0.0169,           0.0036976,           0.0067323,           0.0070795,           0.0070795,           0.0070795
                  61,            0.027146,           0.0080848,           0.0025538,             0.94654,             0.95408,             0.97027,             0.69063,            0.016048,           0.0037351,           0.0029859,             0.00703,             0.00703,             0.00703
                  62,            0.028663,            0.009086,           0.0035077,             0.87992,             0.86737,             0.94283,             0.64847,            0.019274,           0.0041351,           0.0028686,           0.0069805,           0.0069805,           0.0069805
                  63,            0.027855,           0.0073442,           0.0023265,             0.82748,             0.77163,             0.85556,             0.47094,            0.023936,           0.0047328,           0.0060311,            0.006931,            0.006931,            0.006931
                  64,            0.028419,           0.0080037,           0.0029995,             0.87472,             0.85171,             0.88249,             0.63367,            0.016371,           0.0043068,           0.0080814,           0.0068815,           0.0068815,           0.0068815
                  65,            0.028468,           0.0078997,            0.001575,                0.91,             0.85492,               0.903,             0.63157,            0.016943,           0.0037718,           0.0070644,            0.006832,            0.006832,            0.006832
                  66,            0.027484,           0.0073966,           0.0019047,             0.89256,             0.90723,             0.92349,             0.60792,            0.019326,           0.0036159,           0.0048657,           0.0067825,           0.0067825,           0.0067825
                  67,             0.03039,           0.0083794,           0.0022919,               0.837,             0.91466,             0.91252,             0.60153,            0.017274,           0.0037097,           0.0048481,            0.006733,            0.006733,            0.006733
                  68,             0.02975,           0.0090421,           0.0031092,             0.94251,             0.95312,             0.94959,             0.58498,            0.016545,           0.0035573,           0.0048482,           0.0066835,           0.0066835,           0.0066835
                  69,            0.025595,           0.0079472,           0.0033322,             0.94529,             0.95312,             0.95622,             0.66783,            0.014285,           0.0034142,           0.0048929,            0.006634,            0.006634,            0.006634
                  70,            0.025811,           0.0078592,           0.0025753,             0.94619,             0.95312,             0.96503,             0.72728,            0.013714,            0.003443,           0.0048189,           0.0065845,           0.0065845,           0.0065845
                  71,            0.026976,           0.0080425,           0.0022311,             0.92575,              0.9495,              0.9726,             0.66888,             0.01901,           0.0038436,           0.0050551,            0.006535,            0.006535,            0.006535
                  72,            0.025737,           0.0069226,           0.0017761,             0.96572,             0.79523,             0.88419,             0.58264,            0.020253,           0.0055183,           0.0070211,           0.0064855,           0.0064855,           0.0064855
                  73,            0.025978,           0.0082788,           0.0020546,             0.96732,              0.8174,             0.92609,             0.55617,            0.021462,            0.004695,           0.0062096,            0.006436,            0.006436,            0.006436
                  74,            0.028305,           0.0086956,           0.0017948,             0.96798,             0.88106,             0.97479,             0.69201,            0.014941,           0.0036109,           0.0052256,           0.0063865,           0.0063865,           0.0063865
                  75,            0.026356,           0.0085542,           0.0021746,             0.99534,             0.93105,             0.95519,             0.64873,             0.01761,            0.003823,            0.003857,            0.006337,            0.006337,            0.006337
                  76,            0.024643,           0.0081395,           0.0014677,              0.9377,             0.96722,             0.99124,             0.75242,            0.015061,           0.0032245,           0.0036904,           0.0062875,           0.0062875,           0.0062875
                  77,            0.023867,           0.0074805,           0.0011097,             0.93099,             0.98191,             0.98337,             0.70994,              0.0152,           0.0032001,             0.00345,            0.006238,            0.006238,            0.006238
                  78,            0.024232,             0.00831,           0.0024199,             0.93258,             0.98438,             0.98485,             0.75126,            0.013301,           0.0030859,           0.0035132,           0.0061885,           0.0061885,           0.0061885
                  79,            0.023486,           0.0076726,           0.0028065,             0.93989,             0.98244,             0.98634,             0.71628,            0.014981,           0.0030213,           0.0032489,            0.006139,            0.006139,            0.006139
                  80,            0.025558,           0.0076507,            0.002148,             0.93942,             0.98244,             0.98742,             0.75394,            0.012525,           0.0029935,           0.0032471,           0.0060895,           0.0060895,           0.0060895
                  81,            0.026028,           0.0075171,           0.0019872,             0.92367,             0.98206,             0.97922,             0.73112,            0.014699,           0.0028757,           0.0033795,             0.00604,             0.00604,             0.00604
                  82,            0.027869,           0.0074874,           0.0018729,             0.94549,             0.95312,             0.97258,             0.73753,            0.013514,           0.0029623,           0.0042046,           0.0059905,           0.0059905,           0.0059905
                  83,            0.025676,           0.0078797,            0.002048,             0.92851,             0.95312,             0.96656,             0.72868,              0.0146,           0.0029273,           0.0046385,            0.005941,            0.005941,            0.005941
                  84,            0.026826,           0.0068187,           0.0015997,             0.93504,             0.95312,             0.96827,             0.67462,            0.014522,           0.0029394,           0.0049843,           0.0058915,           0.0058915,           0.0058915
                  85,            0.024069,            0.007249,           0.0011716,             0.93988,             0.95468,             0.97808,             0.73057,            0.014306,           0.0029447,           0.0045126,            0.005842,            0.005842,            0.005842
                  86,            0.025069,           0.0079595,           0.0019314,             0.91338,             0.97095,             0.98343,             0.74771,            0.012941,           0.0030665,           0.0042676,           0.0057925,           0.0057925,           0.0057925
                  87,            0.025027,           0.0076892,           0.0015591,             0.88568,             0.97657,              0.9919,             0.71456,            0.016381,           0.0031188,           0.0056202,            0.005743,            0.005743,            0.005743
                  88,            0.024847,           0.0066895,           0.0014739,             0.92204,             0.93882,             0.99179,             0.72333,            0.015529,           0.0032107,           0.0052106,           0.0056935,           0.0056935,           0.0056935
                  89,            0.023829,           0.0082974,           0.0020481,             0.95811,             0.96875,             0.98709,             0.75872,            0.014074,           0.0029342,           0.0031723,            0.005644,            0.005644,            0.005644
                  90,            0.021287,           0.0065709,           0.0018441,             0.95963,             0.96875,             0.97978,             0.75782,             0.01302,           0.0028706,           0.0031276,           0.0055945,           0.0055945,           0.0055945
                  91,            0.022708,           0.0066897,           0.0013782,             0.95709,             0.96875,              0.9837,             0.72695,            0.014343,           0.0029054,            0.003476,            0.005545,            0.005545,            0.005545
                  92,            0.023277,           0.0071013,           0.0013742,             0.94101,              0.9682,             0.98145,             0.75471,            0.015076,           0.0029876,           0.0041524,           0.0054955,           0.0054955,           0.0054955
                  93,            0.024139,           0.0082216,           0.0026503,             0.94181,             0.93943,              0.9592,             0.70131,            0.014872,           0.0031302,           0.0056535,            0.005446,            0.005446,            0.005446
                  94,            0.021953,           0.0079177,           0.0020175,             0.92883,             0.93955,             0.95279,             0.70632,            0.014413,            0.003072,           0.0062597,           0.0053965,           0.0053965,           0.0053965
                  95,            0.023882,           0.0075123,           0.0019812,             0.92983,             0.95384,             0.94741,              0.7208,               0.014,           0.0029503,           0.0057758,            0.005347,            0.005347,            0.005347
                  96,             0.02338,           0.0068305,            0.010775,             0.94504,             0.95312,             0.95237,             0.67857,            0.015258,           0.0029966,           0.0050033,           0.0052975,           0.0052975,           0.0052975
                  97,            0.025672,           0.0067633,           0.0016613,             0.94561,             0.95312,             0.96774,             0.67061,            0.014712,           0.0029456,           0.0043298,            0.005248,            0.005248,            0.005248
                  98,            0.024493,           0.0062363,           0.0011098,              0.9381,             0.96732,             0.98354,             0.78148,            0.012273,           0.0029194,           0.0036916,           0.0051985,           0.0051985,           0.0051985
                  99,            0.021752,           0.0073492,           0.0023295,             0.93698,             0.98246,             0.99204,             0.73792,            0.013745,           0.0029056,           0.0031687,            0.005149,            0.005149,            0.005149
                 100,            0.021777,           0.0070926,           0.0013584,             0.93512,             0.98109,             0.98865,             0.72138,             0.01359,           0.0028961,           0.0037739,           0.0050995,           0.0050995,           0.0050995
                 101,            0.022436,            0.007835,           0.0012751,             0.93437,             0.98197,             0.98665,             0.73447,            0.014667,           0.0028633,           0.0038738,             0.00505,             0.00505,             0.00505
                 102,            0.021021,           0.0068343,           0.0032602,             0.93483,             0.98151,             0.98019,             0.73801,            0.012302,           0.0028637,           0.0036801,           0.0050005,           0.0050005,           0.0050005
                 103,            0.021503,           0.0062898,            0.001972,             0.93427,             0.96862,             0.97478,             0.72892,            0.013956,            0.002968,           0.0041301,            0.004951,            0.004951,            0.004951
                 104,            0.021747,           0.0072763,           0.0014009,             0.94556,             0.95629,             0.97459,             0.69794,            0.015702,           0.0029284,           0.0040383,           0.0049015,           0.0049015,           0.0049015
                 105,              0.0205,           0.0065952,           0.0016256,             0.95688,             0.95493,             0.97036,             0.72571,            0.013503,           0.0030021,           0.0037235,            0.004852,            0.004852,            0.004852
                 106,              0.0195,           0.0065638,            0.000901,              0.9613,             0.95562,             0.97008,             0.73205,            0.013628,           0.0029389,           0.0035292,           0.0048025,           0.0048025,           0.0048025
                 107,            0.021596,           0.0066784,           0.0022647,              0.9549,             0.96632,             0.97218,             0.73495,            0.015719,           0.0032387,           0.0033303,            0.004753,            0.004753,            0.004753
                 108,            0.021646,           0.0070568,           0.0010081,              0.9608,             0.96875,             0.98023,              0.7206,            0.014226,           0.0032991,           0.0030771,           0.0047035,           0.0047035,           0.0047035
                 109,            0.019275,           0.0069304,           0.0018442,             0.96155,             0.96875,             0.98416,             0.68643,            0.014952,           0.0034507,            0.003015,            0.004654,            0.004654,            0.004654
                 110,            0.021242,           0.0066269,          0.00085119,               0.957,             0.98285,              0.9919,             0.62982,            0.016225,           0.0035287,           0.0020504,           0.0046045,           0.0046045,           0.0046045
                 111,            0.021327,           0.0079463,           0.0014677,             0.99038,             0.96124,             0.99347,             0.72625,            0.012841,           0.0032989,           0.0016573,            0.004555,            0.004555,            0.004555
                 112,            0.019726,           0.0076556,           0.0010942,             0.98498,             0.97683,             0.99444,             0.74535,            0.013635,           0.0030738,           0.0014004,           0.0045055,           0.0045055,           0.0045055
                 113,            0.019597,           0.0066678,           0.0010046,                   1,              0.9972,               0.995,             0.79507,            0.011575,           0.0027937,           0.0010697,            0.004456,            0.004456,            0.004456
                 114,             0.01836,           0.0070188,            0.001872,             0.99524,             0.98988,               0.995,             0.79456,            0.010929,           0.0027151,          0.00086756,           0.0044065,           0.0044065,           0.0044065
                 115,            0.019727,           0.0077529,           0.0011486,             0.98614,             0.99616,               0.995,             0.76811,            0.013827,            0.002857,          0.00080943,            0.004357,            0.004357,            0.004357
                 116,            0.017594,           0.0059332,          0.00092167,             0.99176,             0.98797,               0.995,             0.81015,             0.01146,           0.0027928,          0.00086545,           0.0043075,           0.0043075,           0.0043075
                 117,            0.021128,           0.0071174,          0.00087086,             0.99088,             0.98787,               0.995,             0.76804,             0.01234,           0.0028388,          0.00079487,            0.004258,            0.004258,            0.004258
                 118,            0.018587,           0.0072976,           0.0017174,             0.99221,             0.98831,               0.995,             0.80365,            0.011707,           0.0027926,          0.00069894,           0.0042085,           0.0042085,           0.0042085
                 119,            0.019725,           0.0066486,            0.001069,             0.99426,             0.98741,               0.995,             0.78469,            0.012946,           0.0028619,          0.00074561,            0.004159,            0.004159,            0.004159
                 120,            0.019956,           0.0065023,           0.0015499,             0.99441,              0.9874,               0.995,             0.78656,            0.013682,           0.0028526,          0.00079998,           0.0041095,           0.0041095,           0.0041095
                 121,            0.019575,           0.0058196,           0.0006168,             0.99493,               0.986,               0.995,             0.79827,            0.012013,           0.0028928,          0.00099978,             0.00406,             0.00406,             0.00406
                 122,            0.019951,           0.0069016,            0.000939,             0.99339,             0.98566,               0.995,             0.73881,            0.013967,            0.002899,           0.0010533,           0.0040105,           0.0040105,           0.0040105
                 123,            0.019742,           0.0068498,           0.0016878,             0.99071,             0.98534,               0.995,             0.78149,            0.012706,           0.0028176,           0.0010823,            0.003961,            0.003961,            0.003961
                 124,            0.020187,           0.0058455,            0.001715,             0.98406,              0.9849,               0.995,             0.76385,            0.012173,           0.0027833,           0.0011847,           0.0039115,           0.0039115,           0.0039115
                 125,            0.018894,           0.0064013,           0.0013754,              0.9814,              0.9846,               0.995,             0.79519,            0.011765,           0.0028788,           0.0013648,            0.003862,            0.003862,            0.003862
                 126,            0.020358,            0.006506,          0.00070663,              0.9779,             0.98549,             0.99444,               0.798,            0.010624,           0.0027016,           0.0016043,           0.0038125,           0.0038125,           0.0038125
                 127,            0.019904,           0.0063607,           0.0007532,             0.97139,             0.98507,              0.9937,             0.78676,            0.011246,           0.0027414,           0.0018364,            0.003763,            0.003763,            0.003763
                 128,            0.021232,           0.0075334,          0.00058032,             0.97288,             0.98532,             0.99444,             0.81579,            0.010534,           0.0026646,           0.0017625,           0.0037135,           0.0037135,           0.0037135
                 129,            0.020432,           0.0071408,            0.002372,             0.96744,             0.97276,             0.98856,             0.75826,             0.01195,           0.0026797,           0.0023742,            0.003664,            0.003664,            0.003664
                 130,            0.020734,           0.0063978,          0.00082317,             0.96264,             0.97083,             0.98973,             0.78233,            0.011911,           0.0028539,           0.0027276,           0.0036145,           0.0036145,           0.0036145
                 131,            0.017753,            0.005336,           0.0010091,             0.93949,             0.98289,             0.98782,             0.76278,            0.011547,           0.0028258,           0.0031051,            0.003565,            0.003565,            0.003565
                 132,            0.017352,           0.0065136,          0.00091504,             0.94265,             0.98355,             0.98603,             0.77622,            0.012355,           0.0028908,           0.0029354,           0.0035155,           0.0035155,           0.0035155
                 133,            0.019745,           0.0062103,          0.00078742,             0.97226,             0.97453,             0.98973,             0.78838,            0.011834,           0.0028715,           0.0025838,            0.003466,            0.003466,            0.003466
                 134,             0.01804,            0.005889,           0.0012945,              0.9786,             0.98549,             0.99222,             0.79287,            0.012223,           0.0027798,           0.0019717,           0.0034165,           0.0034165,           0.0034165
                 135,            0.017569,           0.0059434,           0.0012402,               0.979,             0.98541,             0.99444,             0.78949,            0.011878,            0.002814,           0.0016947,            0.003367,            0.003367,            0.003367
                 136,            0.018363,           0.0059717,          0.00064581,             0.98034,             0.98497,               0.995,             0.78037,             0.01244,           0.0027695,           0.0015732,           0.0033175,           0.0033175,           0.0033175
                 137,            0.017322,            0.006416,          0.00085713,             0.97889,             0.98586,             0.99444,             0.80453,            0.012412,           0.0026977,           0.0015064,            0.003268,            0.003268,            0.003268
                 138,            0.017672,           0.0069001,          0.00073079,             0.98074,             0.98488,               0.995,             0.76428,            0.012282,           0.0027187,           0.0015029,           0.0032185,           0.0032185,           0.0032185
                 139,             0.01814,           0.0063418,           0.0054401,             0.98515,             0.98467,               0.995,             0.78939,             0.01246,           0.0026837,           0.0014566,            0.003169,            0.003169,            0.003169
                 140,             0.01915,           0.0074023,           0.0024139,             0.97677,             0.98543,               0.995,             0.78618,            0.011829,           0.0026541,           0.0015753,           0.0031195,           0.0031195,           0.0031195
                 141,            0.015655,           0.0058659,          0.00064887,             0.98733,             0.98516,               0.995,             0.80857,            0.011581,           0.0027572,           0.0013546,             0.00307,             0.00307,             0.00307
                 142,            0.017801,           0.0053357,          0.00071829,             0.99585,             0.98586,               0.995,             0.80112,            0.010797,            0.002813,          0.00098583,           0.0030205,           0.0030205,           0.0030205
                 143,            0.017127,           0.0066758,            0.001227,             0.99123,             0.99777,               0.995,             0.81163,             0.01106,           0.0028288,          0.00064332,            0.002971,            0.002971,            0.002971
                 144,            0.016784,           0.0068018,          0.00075391,             0.99414,                   1,               0.995,             0.79464,            0.011026,           0.0029503,           0.0005174,           0.0029215,           0.0029215,           0.0029215
                 145,            0.017971,           0.0064807,           0.0014502,             0.99272,                   1,               0.995,              0.8108,            0.010887,           0.0028743,          0.00052942,            0.002872,            0.002872,            0.002872
                 146,            0.017372,           0.0067028,           0.0019626,             0.99271,             0.98474,               0.995,             0.80038,            0.011472,           0.0028698,           0.0010442,           0.0028225,           0.0028225,           0.0028225
                 147,            0.017414,           0.0065244,           0.0010183,             0.97555,             0.98341,               0.995,             0.80183,            0.010483,           0.0028745,           0.0016878,            0.002773,            0.002773,            0.002773
                 148,            0.019927,           0.0065906,            0.001306,             0.93505,             0.99785,             0.99444,               0.774,            0.011853,           0.0029445,           0.0026071,           0.0027235,           0.0027235,           0.0027235
                 149,            0.017361,           0.0070258,           0.0017995,             0.94208,             0.98438,             0.99399,             0.78751,            0.011341,           0.0029729,           0.0025934,            0.002674,            0.002674,            0.002674
                 150,            0.016562,           0.0059475,          0.00090484,             0.96598,             0.98528,               0.995,             0.81155,            0.011631,           0.0029675,           0.0017428,           0.0026245,           0.0026245,           0.0026245
                 151,            0.018505,           0.0058032,          0.00087367,             0.98868,             0.98551,               0.995,             0.78345,            0.011357,           0.0030293,           0.0010489,            0.002575,            0.002575,            0.002575
                 152,            0.016236,           0.0060582,          0.00066832,              0.9901,             0.98718,               0.995,             0.80794,            0.010844,           0.0029659,          0.00077337,           0.0025255,           0.0025255,           0.0025255
                 153,             0.01491,           0.0056056,           0.0013276,             0.99068,              0.9869,               0.995,             0.79126,            0.011167,           0.0029818,          0.00086779,            0.002476,            0.002476,            0.002476
                 154,            0.016787,           0.0056438,           0.0010857,             0.98954,             0.98654,               0.995,             0.81653,            0.010612,           0.0028823,           0.0010079,           0.0024265,           0.0024265,           0.0024265
                 155,            0.016758,           0.0063503,          0.00071578,             0.98792,             0.98633,               0.995,             0.81492,              0.0111,           0.0028939,           0.0011543,            0.002377,            0.002377,            0.002377
                 156,            0.017792,           0.0066048,           0.0017235,             0.97948,             0.98545,               0.995,             0.80315,            0.010866,           0.0028621,            0.001378,           0.0023275,           0.0023275,           0.0023275
                 157,            0.015604,           0.0068586,           0.0010366,             0.97514,             0.98538,               0.995,             0.80502,            0.010759,           0.0028447,           0.0015136,            0.002278,            0.002278,            0.002278
                 158,            0.015393,           0.0059082,          0.00075651,             0.97075,             0.98457,             0.99444,             0.81251,            0.010888,           0.0027957,           0.0017029,           0.0022285,           0.0022285,           0.0022285
                 159,             0.01425,            0.005728,          0.00059319,             0.97518,              0.9853,             0.99444,             0.81318,            0.010009,            0.002682,           0.0016303,            0.002179,            0.002179,            0.002179
                 160,            0.017091,           0.0067689,          0.00062829,             0.97592,             0.98521,             0.99444,             0.82681,           0.0096884,           0.0026003,            0.001727,           0.0021295,           0.0021295,           0.0021295
                 161,            0.014516,           0.0064545,          0.00046621,             0.97151,             0.97878,              0.9937,             0.80392,            0.010075,           0.0026337,           0.0020666,             0.00208,             0.00208,             0.00208
                 162,            0.015133,           0.0053279,          0.00053106,             0.94436,             0.98438,             0.99251,             0.81383,           0.0099953,            0.002638,           0.0026236,           0.0020305,           0.0020305,           0.0020305
                 163,             0.01536,           0.0055812,          0.00070042,             0.94188,             0.98408,             0.99151,             0.81514,           0.0097192,           0.0026562,            0.002952,            0.001981,            0.001981,            0.001981
                 164,            0.013738,           0.0052574,          0.00073618,             0.93425,             0.99637,              0.9879,             0.81447,            0.009838,            0.002672,           0.0036691,           0.0019315,           0.0019315,           0.0019315
                 165,            0.016464,           0.0057151,          0.00061652,               0.935,             0.98438,             0.98328,             0.81632,           0.0094434,           0.0026992,           0.0041347,            0.001882,            0.001882,            0.001882
                 166,            0.015438,           0.0062914,          0.00086469,             0.93425,             0.99539,             0.98737,             0.82696,           0.0096586,           0.0026914,           0.0037629,           0.0018325,           0.0018325,           0.0018325
                 167,            0.015646,           0.0055858,          0.00043724,             0.93742,              0.9829,             0.98862,             0.83249,           0.0093136,           0.0026856,           0.0035409,            0.001783,            0.001783,            0.001783
                 168,            0.013963,            0.005434,          0.00043523,             0.93435,             0.99666,             0.99008,             0.82543,           0.0092729,           0.0026848,           0.0033872,           0.0017335,           0.0017335,           0.0017335
                 169,            0.014233,           0.0051618,           0.0017166,             0.94105,             0.98342,             0.99228,             0.82488,           0.0095138,           0.0027002,           0.0029331,            0.001684,            0.001684,            0.001684
                 170,            0.015446,           0.0053346,          0.00033823,             0.93484,             0.99834,             0.99444,              0.8231,           0.0094638,           0.0027095,           0.0026689,           0.0016345,           0.0016345,           0.0016345
                 171,            0.013308,           0.0049278,           0.0010204,              0.9349,             0.99855,             0.99444,             0.83177,           0.0094592,           0.0027282,           0.0024668,            0.001585,            0.001585,            0.001585
                 172,            0.018007,           0.0057556,          0.00072781,             0.96814,             0.97508,             0.99444,             0.82409,            0.010164,           0.0028259,           0.0020375,           0.0015355,           0.0015355,           0.0015355
                 173,            0.013913,           0.0060395,          0.00057497,             0.97352,                0.98,             0.99444,             0.82663,           0.0097217,           0.0028067,           0.0018154,            0.001486,            0.001486,            0.001486
                 174,             0.01588,           0.0065475,           0.0003696,             0.97525,             0.98523,             0.99444,             0.82754,           0.0097002,           0.0028566,           0.0016049,           0.0014365,           0.0014365,           0.0014365
                 175,            0.014119,           0.0066751,          0.00097074,             0.97817,             0.98557,             0.99444,             0.82797,           0.0094699,           0.0028322,           0.0015425,            0.001387,            0.001387,            0.001387
                 176,            0.012365,           0.0053342,           0.0004239,             0.97575,             0.98532,             0.99444,             0.82794,            0.009461,           0.0028581,           0.0015503,           0.0013375,           0.0013375,           0.0013375
                 177,            0.013116,           0.0052431,           0.0011514,             0.97634,             0.98533,             0.99444,             0.82843,           0.0094339,           0.0028372,           0.0015407,            0.001288,            0.001288,            0.001288
                 178,            0.012701,           0.0053299,          0.00043057,             0.97729,             0.98538,             0.99444,             0.83296,           0.0093864,            0.002805,           0.0015113,           0.0012385,           0.0012385,           0.0012385
                 179,            0.013824,            0.004871,           0.0029032,             0.98081,             0.98521,               0.995,             0.82958,           0.0093682,           0.0027835,           0.0013477,            0.001189,            0.001189,            0.001189
                 180,            0.013384,           0.0051639,           0.0007613,              0.9868,             0.98532,               0.995,             0.82944,           0.0094142,           0.0027921,           0.0012284,           0.0011395,           0.0011395,           0.0011395
                 181,            0.016748,           0.0053174,          0.00088209,             0.98755,              0.9854,               0.995,             0.82986,           0.0093621,            0.002788,           0.0011927,             0.00109,             0.00109,             0.00109
                 182,             0.01471,           0.0056959,          0.00044174,             0.98062,             0.98534,               0.995,             0.82678,           0.0093648,           0.0027793,           0.0013186,           0.0010405,           0.0010405,           0.0010405
                 183,            0.012607,            0.005759,           0.0010048,             0.97799,             0.98575,             0.99444,             0.83665,           0.0092092,           0.0027127,           0.0014504,            0.000991,            0.000991,            0.000991
                 184,            0.013172,           0.0054197,          0.00040224,             0.97751,             0.98594,             0.99444,             0.84006,           0.0092061,           0.0027008,           0.0014941,           0.0009415,           0.0009415,           0.0009415
                 185,            0.014154,           0.0052888,           0.0026235,             0.97593,             0.98509,             0.99444,             0.83295,           0.0092782,           0.0027119,           0.0017528,            0.000892,            0.000892,            0.000892
                 186,            0.013458,             0.00512,          0.00044841,             0.97281,              0.9802,             0.99444,             0.84133,            0.009188,           0.0026978,           0.0019977,           0.0008425,           0.0008425,           0.0008425
                 187,             0.01271,           0.0054258,          0.00026477,             0.95269,              0.9835,             0.99393,             0.83243,           0.0092719,           0.0026787,            0.002202,            0.000793,            0.000793,            0.000793
                 188,            0.015293,           0.0051486,          0.00060634,             0.93499,             0.99884,             0.99393,             0.83733,           0.0094438,           0.0027077,            0.002397,           0.0007435,           0.0007435,           0.0007435
                 189,              0.0125,           0.0053959,          0.00048201,              0.9347,              0.9988,             0.99345,             0.83314,           0.0095176,           0.0027231,           0.0026699,            0.000694,            0.000694,            0.000694
                 190,            0.012322,           0.0045016,           0.0004263,             0.93466,             0.99877,             0.99345,              0.8404,           0.0093988,           0.0027193,           0.0027924,           0.0006445,           0.0006445,           0.0006445
                 191,            0.012319,           0.0053873,          0.00040059,              0.9347,              0.9988,             0.99268,             0.83371,           0.0092737,           0.0027089,           0.0027392,            0.000595,            0.000595,            0.000595
                 192,            0.013964,           0.0050003,          0.00041386,              0.9347,             0.99881,             0.99268,             0.83371,           0.0091613,           0.0026983,           0.0027029,           0.0005455,           0.0005455,           0.0005455
                 193,            0.014569,           0.0058053,          0.00040985,             0.93465,             0.99883,             0.99268,             0.83024,           0.0091501,           0.0026942,           0.0026438,            0.000496,            0.000496,            0.000496
                 194,            0.013892,           0.0059268,          0.00034076,             0.93473,             0.99889,             0.99316,             0.84478,           0.0090519,           0.0026803,           0.0025176,           0.0004465,           0.0004465,           0.0004465
                 195,             0.01201,           0.0051868,          0.00050437,             0.93718,             0.99613,             0.99316,             0.84102,             0.00901,           0.0026575,           0.0024718,            0.000397,            0.000397,            0.000397
                 196,            0.015222,            0.005394,          0.00095182,             0.93462,             0.99889,             0.99316,             0.84485,           0.0089904,           0.0026496,            0.002531,           0.0003475,           0.0003475,           0.0003475
                 197,            0.013144,           0.0048618,          0.00031917,             0.93457,             0.99889,             0.99316,             0.84825,           0.0089979,           0.0026542,           0.0025433,            0.000298,            0.000298,            0.000298
                 198,            0.011858,            0.004223,          0.00019171,             0.93768,             0.99542,             0.99316,             0.84303,           0.0089776,           0.0026489,           0.0024971,           0.0002485,           0.0002485,           0.0002485
                 199,            0.012621,           0.0049156,          0.00066573,             0.96141,             0.97178,              0.9937,             0.84731,           0.0089437,            0.002653,           0.0024528,            0.000199,            0.000199,            0.000199
